{
  "normal_ear_mean": 0.2728420826706597,
  "strain_ear_mean": 0.2522749210248443,
  "rapid_ear_mean": 0.23154052417737,
  "blink_threshold": 0.19098945786946175,
  "strain_threshold": 0.262558501847752,
  "rapid_threshold": 0.25219130342401486,
  "calibration_date": "2025-05-18T22:09:32.985355",
  "user_id": "user_venky"
}